<mujocoinclude>

    <default>
        <default class="franka_hand">
            <!-- <material specular="0.5" shininess="0.25"/> -->
            <!-- <joint armature="0.1" damping="1"/> -->
            <!-- <position inheritrange="1"/> -->
            <default class="finger">
                <joint axis="0 1 0" type="slide" range="0 0.04"/>
            </default>
            <default class="finger_vis">
                <geom type="mesh" group="2" contype="0" conaffinity="0"/>
            </default>
            <default class="finger_coll">
                <geom type="mesh" group="3" mass="0" density="0"/>
                <!-- <default class="fingertip_pad_collision"> -->
                    <!-- <geom solimp="0.999 0.999 0.001" solref="0.001 2.5" condim="4" friction="3.0 3.0 1.0"/> -->
                <!-- </default> -->
                <default class="fingertip_pad_collision_1">
                    <geom type="box" size="0.0085 0.004 0.0085" pos="0 0.0055 0.0445"/>
                </default>
                <default class="fingertip_pad_collision_2">
                    <geom type="box" size="0.003 0.002 0.003" pos="0.0055 0.002 0.05"/>
                </default>
                <default class="fingertip_pad_collision_3">
                    <geom type="box" size="0.003 0.002 0.003" pos="-0.0055 0.002 0.05"/>
                </default>
                <default class="fingertip_pad_collision_4">
                    <geom type="box" size="0.003 0.002 0.0035" pos="0.0055 0.002 0.0395"/>
                </default>
                <default class="fingertip_pad_collision_5">
                    <geom type="box" size="0.003 0.002 0.0035" pos="-0.0055 0.002 0.0395"/>
                </default>
            </default>
        </default>
    </default>


    <compiler angle="radian" autolimits="true" meshdir = "./mesh"/>
    
    <asset>
        <mesh file="mesh/vis/hand_0.obj"/>
        <mesh file="mesh/vis/hand_1.obj"/>
        <mesh file="mesh/vis/hand_2.obj"/>
        <mesh file="mesh/vis/hand_3.obj"/>
        <mesh file="mesh/vis/hand_4.obj"/>
        <mesh file="mesh/vis/finger_0.obj"/>
        <mesh file="mesh/vis/finger_1.obj"/>
        <mesh name="hand_c" file="mesh/coll/hand.stl"/>        
    </asset>
</mujocoinclude>