<mujocoinclude>

  <actuator>
      <motor class="fr3" name="fr3_joint1" joint="fr3_joint1" ctrlrange="-87 87" />
      <motor class="fr3" name="fr3_joint2" joint="fr3_joint2" ctrlrange="-87 87" />
      <motor class="fr3" name="fr3_joint3" joint="fr3_joint3" ctrlrange="-87 87" />
      <motor class="fr3" name="fr3_joint4" joint="fr3_joint4" ctrlrange="-87 87" />
      <motor class="fr3" name="fr3_joint5" joint="fr3_joint5" ctrlrange="-12 12" />
      <motor class="fr3" name="fr3_joint6" joint="fr3_joint6" ctrlrange="-12 12" />
      <motor class="fr3" name="fr3_joint7" joint="fr3_joint7" ctrlrange="-12 12" />
  </actuator>

</mujocoinclude>